java,nodejs,reactjs,ruby,android,ios,php,python,c++,golang,angular,level,salary
1,0,0,0,0,0,0,0,0,0,0,fresher,"1,000 - 2,000 USD"
1,0,1,0,0,0,0,0,0,0,0,fresher,You'll love it
1,0,0,0,0,0,0,1,0,0,0,fresher,You'll love it
1,0,0,0,0,0,0,0,0,0,0,fresher,"1,000 - 2,500 USD"
1,0,0,0,1,0,0,0,0,0,0,fresher,Up to 2.000 $
1,0,0,0,0,0,0,0,0,0,0,fresher,"500 - 2,500 USD"
1,0,0,0,0,0,0,0,0,0,1,fresher,"Up to $3,000"
1,0,0,0,0,0,0,0,0,0,0,fresher,You'll love it
1,0,0,0,0,0,0,0,0,0,0,fresher,You'll love it
1,0,0,0,0,0,0,1,0,0,0,fresher,"500 - 1,000 USD"
1,0,0,0,0,0,0,0,0,0,0,fresher,"1,000 - 1,500 USD"
1,0,0,0,0,0,0,0,0,0,0,fresher,Very attractive
1,0,0,0,0,0,0,0,1,0,0,fresher,"800 - 2,000 USD"
1,0,0,0,1,0,0,0,0,0,0,fresher,Very attractive 
1,0,0,0,0,0,0,0,0,0,0,fresher,"1,500 - 1,800 USD"
1,0,0,0,0,0,0,0,0,0,0,fresher,Upto 2000$
1,0,0,0,0,0,0,0,0,0,0,fresher,Negotiable
1,0,0,0,0,0,0,0,0,0,0,fresher,Attractive salary
1,0,0,0,0,0,0,0,0,0,0,fresher,You'll love it
1,0,0,0,0,0,0,0,0,0,0,fresher,You'll love it
1,0,0,0,0,0,0,0,0,0,0,junior,"1,000 - 2,000 USD"
1,0,0,0,0,0,0,0,0,0,0,junior,"1,000 - 3,500 USD"
1,0,0,0,0,0,0,0,0,0,1,junior,Up to 50 mil
1,0,1,0,0,0,0,0,0,0,0,junior,You'll love it
1,0,0,0,0,0,0,1,0,0,0,junior,You'll love it
1,0,0,0,0,0,0,0,0,0,0,junior,You'll love it
1,0,0,0,0,0,0,0,0,0,0,junior,You'll love it
1,0,0,0,0,0,0,0,0,0,0,junior,You'll love it
1,0,0,0,0,0,0,0,0,0,0,junior,"1,000 - 1,300 USD"
1,0,0,0,0,0,0,0,0,0,1,junior,You'll love it
1,0,0,0,0,0,0,1,0,0,0,junior,You'll love it
1,0,0,0,0,0,0,0,0,0,0,junior,You'll love it
1,1,1,0,0,0,0,0,0,0,0,junior,You'll love it
1,0,0,0,0,0,0,0,0,0,0,junior,You'll love it
1,0,0,0,0,0,0,0,0,0,1,junior,"1,000 - 2,000 USD"
1,0,0,0,0,0,0,0,0,0,0,junior,You'll love it
1,0,0,0,0,0,0,0,0,0,0,junior,You'll love it
1,0,0,0,0,0,0,0,0,0,0,junior,You'll love it
1,0,0,0,0,0,0,0,0,0,0,junior,You'll love it
1,0,0,0,0,0,0,0,0,0,0,junior,"1,000 - 3,500 USD"
1,0,0,0,0,0,0,0,0,0,0,junior,"1,000 - 2,500 USD"
1,0,1,0,0,0,0,0,0,0,0,junior,You'll love it
1,0,0,0,0,0,0,0,0,0,0,junior,You will love it 
1,0,0,0,0,0,0,0,0,0,0,junior,You'll love it
1,0,0,0,1,0,0,0,0,0,0,junior,Up to 2.000 $
1,0,0,0,0,0,0,1,0,0,0,junior,"1,000 - 2,000 USD"
1,0,0,0,0,0,0,0,0,0,0,junior,You'll love it
1,0,0,0,0,0,0,0,0,0,0,junior,You'll love it
1,0,0,0,1,1,0,0,0,0,0,junior,Up to 3500$
1,0,0,0,0,0,0,0,0,0,0,junior,Up to 3500$
1,0,0,0,0,0,0,0,0,0,0,junior,"500 - 2,500 USD"
1,0,0,0,0,0,0,0,0,0,0,junior,"800 - 2,500 USD"
1,0,0,0,0,0,0,1,0,0,0,junior,40mil-60mil (gross)
1,0,0,0,0,0,0,0,0,0,1,junior,"Up to $3,000"
1,0,0,0,0,0,0,0,0,0,0,junior,800 - 900 USD
1,0,0,0,0,0,0,0,0,0,0,junior,"1,700 - 3,000 USD"
1,0,1,0,0,0,0,0,0,0,0,junior,"1,000 - 3,000 USD"
1,0,0,0,1,0,0,0,0,0,0,junior,Very competitive salary!
1,0,0,0,0,0,0,0,0,0,0,junior,Very competitive salary!
1,0,0,0,0,0,0,0,0,0,0,junior,"1,200 - 1,700 USD"
1,0,0,0,0,0,0,0,0,0,0,junior,You'll love it
1,0,0,0,0,0,0,0,0,0,0,junior,Let's negotiate together!
1,1,0,0,0,0,0,0,0,0,0,junior,Very attractive!!!
1,0,0,0,0,0,0,0,0,0,1,junior,You'll love it
1,0,0,0,0,0,0,0,0,0,0,junior,You'll love it
1,0,0,0,0,0,0,0,0,0,0,junior,You'll love it
1,0,0,0,0,0,0,0,0,0,0,junior,"1,000 - 2,400 USD"
1,0,0,0,0,0,0,1,1,0,0,junior,You'll love it
1,0,0,0,0,0,0,0,0,0,0,junior,You'll love it
1,0,0,0,0,0,0,0,0,0,0,junior,"1,000 - 1,500 USD"
1,0,0,0,1,0,0,0,1,0,0,junior,You'll love it
1,0,0,0,0,0,0,0,0,0,0,junior,You'll love it
1,0,0,0,0,0,0,0,0,0,0,junior,You'll love it
1,0,0,0,0,0,1,0,0,0,0,junior,You'll love it
1,0,0,0,0,0,0,0,0,0,0,junior,15 – 35m
1,0,0,0,0,0,0,0,0,0,0,junior,You'll love it
1,0,0,0,0,0,0,1,0,0,0,junior,"500 - 1,000 USD"
1,0,0,0,0,0,0,1,0,0,0,junior,You'll love it
1,0,0,0,0,0,0,0,0,0,0,junior,"1,000 - 3,000 USD"
1,0,0,0,1,0,0,0,0,0,0,junior,20 - 50m
1,0,0,0,0,0,0,0,0,0,0,junior,"1,000 - 1,500 USD"
1,0,0,0,0,0,0,0,0,0,0,junior,~$1500
1,0,0,0,0,0,0,0,0,0,0,junior,"500 - 1,000 USD"
1,0,0,0,0,0,0,0,0,0,0,junior,"3,000 - 4,000 USD"
1,0,0,0,0,0,0,0,0,0,0,junior,You'll love it
1,0,0,0,0,0,0,0,0,0,0,junior,You'll love it
1,0,0,0,0,0,0,0,0,0,0,junior,"1,000 - 2,000 USD"
1,0,0,0,0,0,0,0,0,0,0,junior,"2,000 - 5,000 USD"
1,0,0,1,0,0,1,0,0,0,0,junior,"1,800 - 3,000 USD"
1,0,0,0,0,0,0,0,0,0,0,junior,Very attractive
1,0,0,0,0,0,0,0,1,0,0,junior,"800 - 2,000 USD"
1,0,0,0,0,0,0,0,0,0,1,junior,You'll love it
1,0,0,0,0,0,0,0,0,0,0,junior,You'll love it
1,1,1,0,0,0,0,0,0,0,0,junior,10m - 40m
1,0,0,0,0,0,0,0,0,0,0,junior,Up to 30m
1,0,0,0,0,0,0,0,0,0,1,junior,"800 - 2,500 USD"
1,0,0,0,0,0,0,0,0,0,0,junior,"1,000 - 2,000 USD"
1,0,0,0,0,0,0,0,0,0,0,junior,You'll love it
1,0,0,0,0,0,0,0,0,0,0,junior,"1,000 - 1,800 USD"
1,0,0,0,1,0,0,0,0,0,0,junior,Very attractive 
1,0,0,0,0,0,0,0,0,0,0,junior,You'll love it
1,0,0,0,0,0,0,0,0,0,0,junior,Up to $2500
1,0,0,0,0,0,0,0,0,0,0,junior,You'll love it
1,0,0,0,0,0,0,0,0,0,0,junior,"500 - 2,000 USD"
1,0,0,0,0,0,0,0,0,0,0,junior,Competitive salary
1,0,0,0,0,0,0,0,0,0,0,junior,Up to $2100
1,0,0,0,0,0,0,0,0,0,0,junior,"1,500 - 1,800 USD"
1,0,0,0,0,0,0,0,0,0,0,junior,"1,000 - 2,000 USD"
1,0,0,0,0,0,0,0,0,0,0,junior,"1,000 - 2,500 USD"
1,0,0,0,0,0,0,0,0,0,0,junior,You'll love it
1,0,0,0,0,0,0,0,0,0,0,junior,You'll love it
1,0,0,0,0,0,0,0,0,0,0,junior,You'll love it
1,0,1,0,0,0,0,0,0,0,0,junior,You'll love it
1,0,0,0,0,0,1,0,0,0,0,junior,You'll love it
1,0,0,0,0,0,0,1,1,0,0,junior,You'll love it
1,0,0,0,0,0,0,0,0,0,0,junior,"600 - 2,000 USD"
1,0,0,0,0,0,0,0,0,0,0,junior,Upto 2000$
1,0,1,0,0,0,0,0,0,0,0,junior,"700 - 2,000 USD"
1,0,0,0,0,0,1,0,0,0,0,junior,You'll love it
1,0,0,0,0,0,0,0,0,0,0,junior,Up to $3000
1,0,0,0,0,0,0,0,0,0,0,junior,Negotiable
1,0,0,0,0,0,0,0,0,0,0,junior,Attractive salary
1,0,0,0,0,0,1,0,0,0,0,junior,You'll love it
1,0,0,0,0,0,0,0,0,0,0,junior,You'll love it
1,0,0,0,0,0,0,0,0,0,0,junior,You'll love it
1,0,0,0,0,0,0,0,0,0,0,junior,You'll love it
1,0,0,0,0,0,0,0,0,0,0,junior,You'll love it
1,1,0,0,0,0,0,0,0,0,0,junior,You'll love it
1,0,0,0,0,0,0,0,1,0,0,junior,"1,000 - 3,000 USD"
1,1,0,0,0,0,0,0,0,0,0,junior,"650 - 3,000 USD"
1,0,0,0,0,0,0,1,1,0,0,junior,"2,000 - 2,500 USD"
1,0,0,0,0,0,0,0,0,0,0,junior,Plus sign on bonus
1,0,0,0,0,0,0,0,0,0,0,junior,You'll love it
1,0,0,0,0,0,0,0,0,0,0,junior,You'll love it
1,0,0,0,0,0,0,0,0,0,0,junior,You'll love it
1,1,0,0,0,0,0,1,0,0,0,junior,"2,000 - 3,200 USD"
1,0,0,0,0,0,0,0,1,0,0,junior,"2,000 - 5,000 USD"
0,0,0,0,0,0,0,1,0,0,0,junior,"2,000 - 3,000 USD"
1,0,0,0,0,0,0,1,0,0,0,junior,You'll love it
0,0,0,0,0,0,0,0,0,0,0,junior,You'll love it
1,0,0,0,0,0,0,0,0,0,0,senior,"2,500 - 3,500 USD"
1,0,0,0,0,0,0,0,0,0,0,senior,"1,000 - 2,000 USD"
1,0,0,0,0,0,0,0,0,0,0,senior,"1,000 - 3,500 USD"
1,0,0,0,0,0,0,0,0,0,1,senior,Up to 50 mil
1,0,0,0,0,0,0,0,0,0,0,senior,You'll love it
1,0,0,0,0,0,0,1,0,0,0,senior,You'll love it
1,0,0,0,0,0,0,0,0,0,0,senior,You'll love it
1,0,0,0,0,0,0,0,0,0,0,senior,You'll love it
1,0,0,0,0,0,0,0,0,0,0,senior,You'll love it
1,0,0,0,0,0,0,0,0,0,1,senior,You'll love it
1,0,0,0,0,0,0,1,0,0,0,senior,You'll love it
1,0,0,0,0,0,0,0,0,0,0,senior,You'll love it
1,1,1,0,0,0,0,0,0,0,0,senior,You'll love it
1,0,0,0,0,0,0,0,0,0,0,senior,"2,000 - 3,500 USD"
1,0,0,0,0,0,0,0,0,0,0,senior,"1,500 - 2,600 USD"
1,0,0,0,0,0,0,0,0,0,0,senior,Negotiable
1,0,0,0,0,0,0,0,0,0,1,senior,"1,000 - 2,000 USD"
1,0,0,0,0,0,0,0,0,0,0,senior,You'll love it
1,0,0,0,0,0,0,0,0,0,0,senior,"1,000 - 3,500 USD"
1,0,0,0,0,0,0,0,0,0,0,senior,"1,000 - 2,500 USD"
1,0,1,0,0,0,0,0,0,0,0,senior,You'll love it
1,0,0,0,0,0,0,0,0,0,0,senior,You will love it 
1,0,0,0,0,0,0,0,0,0,0,senior,You'll love it
1,0,0,0,1,0,0,0,0,0,0,senior,Up to 2.000 $
1,0,0,0,0,0,0,0,0,0,0,senior,"2,000 - 3,000 USD"
1,0,0,0,0,0,0,0,0,0,0,senior,You'll love it
1,0,0,0,0,0,0,0,0,0,0,senior,You'll love it
1,0,0,0,0,0,0,0,0,0,0,senior,You'll love it
1,0,0,0,0,0,0,0,0,0,0,senior,You'll love it
1,0,0,0,0,0,0,0,0,0,0,senior,You'll love it
1,0,0,0,1,1,0,0,0,0,0,senior,Up to 3500$
1,0,0,0,0,0,0,0,0,0,0,senior,Up to 3500$
1,0,0,0,0,0,0,0,0,0,0,senior,"500 - 2,500 USD"
1,0,0,0,0,0,0,0,0,0,0,senior,"800 - 2,500 USD"
1,0,0,0,0,0,0,0,0,0,1,senior,"1,800 - 2,500 USD"
1,0,0,0,0,0,0,1,0,0,0,senior,40mil-60mil (gross)
1,0,1,0,0,0,0,0,0,0,0,senior,You'll love it
1,0,0,0,0,0,0,0,0,0,0,senior,You'll love it
1,0,0,0,0,0,0,0,0,0,0,senior,"2,000 - 3,000 USD"
1,0,0,0,0,0,0,0,0,0,0,senior,You'll love it
1,0,0,0,0,0,0,0,0,0,0,senior,Let us tell you
1,0,0,0,0,0,0,0,0,0,1,senior,"Up to $3,000"
1,0,0,0,0,0,0,0,0,0,0,senior,"1,700 - 3,000 USD"
1,0,1,0,0,0,0,0,0,0,0,senior,"1,000 - 3,000 USD"
1,0,0,0,1,0,0,0,0,0,0,senior,Very competitive salary!
1,0,0,0,0,0,0,0,0,0,0,senior,Very competitive salary!
1,0,0,0,0,0,0,0,0,0,0,senior,You'll love it
1,1,0,0,0,0,0,0,0,0,0,senior,"1,500 - 3,000 USD"
1,0,0,0,0,0,0,0,0,0,0,senior,"1,200 - 1,700 USD"
1,0,0,0,0,0,0,0,0,0,0,senior,"1,400 - 2,000 USD"
1,0,0,0,0,0,0,0,0,0,0,senior,You'll love it
1,0,0,0,0,0,0,0,0,0,0,senior,You'll love it
1,0,0,0,0,0,0,0,0,0,0,senior,You'll love it
1,0,0,0,0,0,0,0,0,1,0,senior,You'll love it
1,0,0,0,0,0,1,0,0,0,0,senior,"1,500 - 3,000 USD"
1,0,0,0,0,0,0,0,0,0,0,senior,Let's negotiate together!
1,0,0,0,0,0,0,0,0,0,0,senior,"1,500 - 3,500 USD"
1,1,0,0,0,0,0,0,0,0,0,senior,Very attractive!!!
1,0,0,0,0,0,0,0,0,0,0,senior,Up to 2400$
1,0,0,0,0,0,0,0,0,0,1,senior,You'll love it
1,0,0,0,0,0,0,0,0,0,0,senior,"1,000 - 2,400 USD"
1,0,0,0,0,0,0,1,1,0,0,senior,You'll love it
1,0,0,0,0,0,0,0,0,0,0,senior,You'll love it
1,0,0,0,0,0,0,0,0,0,0,senior,"1,000 - 1,500 USD"
1,0,0,0,1,0,0,0,1,0,0,senior,You'll love it
1,0,0,0,0,0,0,0,0,0,0,senior,You'll love it
1,0,0,0,0,0,1,0,0,0,0,senior,You'll love it
1,0,0,0,0,0,0,0,0,0,0,senior,15 – 35m
1,0,0,0,0,0,0,0,0,0,0,senior,You'll love it
1,0,0,0,0,0,0,1,0,0,0,senior,You'll love it
1,0,0,0,0,0,0,0,0,0,0,senior,"1,500 - 2,500 USD"
1,0,0,0,0,0,0,0,0,0,0,senior,"1,000 - 3,000 USD"
1,0,0,0,1,0,0,0,0,0,0,senior,20 - 50m
1,0,0,0,0,0,0,0,0,0,0,senior,"1,000 - 1,500 USD"
1,0,0,0,0,0,0,0,0,0,0,senior,~$1500
1,0,0,0,0,0,0,0,0,0,0,senior,You'll love it
1,0,0,0,0,0,0,0,0,0,0,senior,"3,000 - 4,000 USD"
1,0,0,0,0,0,0,0,0,0,0,senior,You'll love it
1,0,0,0,0,0,0,0,0,0,0,senior,You'll love it
1,0,0,0,0,0,0,0,0,0,0,senior,"1,000 - 2,000 USD"
1,0,0,0,0,0,0,0,0,0,0,senior,"2,000 - 5,000 USD"
1,0,0,1,0,0,1,0,0,0,0,senior,"1,800 - 3,000 USD"
1,0,0,0,0,0,0,0,0,0,0,senior,Very attractive
1,0,0,0,0,0,0,0,0,0,0,senior,"1,500 - 3,000 USD"
1,0,0,0,0,0,0,0,1,0,0,senior,"800 - 2,000 USD"
1,0,0,0,0,0,0,0,0,0,1,senior,You'll love it
1,0,0,0,0,0,0,0,0,0,0,senior,You'll love it
1,0,0,0,0,0,0,0,0,0,0,senior,Up to 30m
1,0,0,0,0,0,0,0,0,0,1,senior,"800 - 2,500 USD"
1,0,0,0,0,0,0,0,0,0,0,senior,"1,000 - 2,000 USD"
1,0,0,0,0,0,0,0,0,0,0,senior,You'll love it
1,0,0,0,0,0,0,0,0,0,0,senior,You'll love it
1,0,0,0,0,0,0,0,0,0,0,senior,You'll love it
1,0,0,0,0,0,0,0,0,0,0,senior,"1,000 - 1,800 USD"
1,0,0,0,1,0,0,0,0,0,0,senior,Very attractive 
1,0,0,0,0,0,0,0,0,0,0,senior,You'll love it
1,0,0,0,0,0,0,0,0,0,0,senior,You'll love it
1,0,0,0,0,0,0,0,0,0,0,senior,Up to $2500
1,0,0,0,0,0,0,0,0,0,0,senior,You'll love it
1,0,0,0,0,0,0,0,0,0,0,senior,Competitive salary
1,0,0,0,0,0,0,0,0,0,0,senior,"1,200 - 2,500 USD"
1,0,0,0,0,0,0,0,0,0,0,senior,Up to $2100
1,0,0,0,0,0,0,0,0,0,0,senior,"1,500 - 1,800 USD"
1,0,0,0,0,0,0,0,0,0,0,senior,"2,000 - 2,500 USD"
1,0,0,0,0,0,0,0,0,0,0,senior,"Up to 3,000 usd"
1,0,0,0,0,0,0,0,0,0,0,senior,"1,000 - 2,000 USD"
1,0,0,0,0,0,0,0,0,0,0,senior,You'll love it
1,0,0,0,0,0,0,0,0,0,0,senior,"1,000 - 2,500 USD"
1,0,0,0,0,0,0,0,0,0,0,senior,You'll love it
1,0,0,0,0,0,0,0,0,0,0,senior,You'll love it
1,0,0,0,0,0,0,0,0,0,0,senior,You'll love it
1,0,0,0,0,0,0,0,0,0,0,senior,You'll love it
1,0,0,0,0,0,1,0,0,0,0,senior,You'll love it
1,0,0,0,0,0,0,1,1,0,0,senior,You'll love it
1,0,0,0,0,0,0,0,0,0,0,senior,You'll love it
1,0,0,0,0,0,0,0,0,0,0,senior,"600 - 2,000 USD"
1,0,0,0,0,0,0,1,0,1,0,senior,"2,000 - 3,500 USD"
1,0,0,0,0,0,0,0,0,0,0,senior,Upto 2000$
1,0,1,0,0,0,0,0,0,0,0,senior,"700 - 2,000 USD"
1,0,0,0,0,0,1,0,0,0,0,senior,You'll love it
1,0,1,0,0,0,0,0,0,0,1,senior,You'll love it
1,0,0,0,0,0,0,0,0,0,0,senior,Up to $3000
1,0,0,0,0,0,0,0,0,0,0,senior,Negotiable
1,0,1,0,0,0,0,0,0,0,0,senior,"2,000 - 3,500 USD"
1,0,0,0,0,0,0,0,0,0,0,senior,"1,000 - 2,500 USD"
1,0,0,0,0,0,0,0,0,0,0,senior,You'll love it
1,0,0,0,0,0,0,0,0,1,0,senior,You'll love it
1,0,0,0,0,0,0,0,0,0,0,senior,You'll love it
1,0,0,0,0,0,0,0,0,0,0,senior,"3,000 - 5,000 USD"
1,0,0,0,0,0,0,0,0,0,0,senior,Attractive salary
1,0,0,0,0,0,1,0,0,0,0,senior,You'll love it
1,0,0,0,0,0,0,0,0,0,0,senior,You'll love it
1,0,0,0,0,0,0,0,0,0,0,senior,You'll love it
1,1,0,0,0,0,0,0,0,0,0,senior,You'll love it
1,0,0,0,0,0,0,0,0,0,0,senior,"1,500 - 2,000 USD"
1,0,0,0,0,0,0,0,1,0,0,senior,"1,000 - 3,000 USD"
1,1,0,0,0,0,0,0,0,0,0,senior,"650 - 3,000 USD"
1,0,0,0,0,0,0,1,1,0,0,senior,"2,000 - 2,500 USD"
1,1,0,0,0,0,0,0,0,0,0,senior,You'll love it
1,0,0,0,0,0,0,0,0,0,0,senior,Plus sign on bonus
1,0,0,0,0,0,0,0,0,0,0,senior,"1,200 - 3,000 USD"
1,0,0,0,0,0,0,0,0,0,0,senior,You'll love it
1,0,0,0,0,0,0,0,0,0,0,senior,"1,000 - 2,500 USD"
1,0,0,0,0,0,0,0,0,0,0,senior,You'll love it
1,0,0,0,0,0,0,1,0,0,0,senior,"2,300 - 2,800 USD"
1,1,0,0,0,0,0,1,0,0,0,senior,"2,000 - 3,200 USD"
1,0,0,0,0,0,0,0,1,0,0,senior,"2,000 - 5,000 USD"
1,0,0,0,0,0,0,0,0,0,0,senior,Up to $3000
0,0,0,0,0,0,0,1,0,0,0,senior,"2,000 - 3,000 USD"
0,0,0,0,0,0,0,0,0,0,0,senior,You'll love it
1,0,0,0,0,0,0,1,0,0,0,senior,You'll love it
0,0,0,0,0,0,0,0,0,0,0,senior,You'll love it
1,0,0,0,0,0,1,0,0,0,0,senior,You'll love it
1,0,0,0,0,0,0,0,0,0,0,senior,You'll love it
1,0,0,0,0,0,0,0,0,0,0,senior,You'll love it
1,0,0,0,0,0,0,0,0,0,0,senior,Negotiation
1,0,0,0,0,0,0,0,0,0,0,senior,"1,300 - 1,700 USD"
1,0,0,0,0,0,0,0,0,0,0,senior,"1,300 - 1,700 USD"
1,0,0,0,0,0,0,0,0,0,0,senior,"1,000 - 1,200 USD"
1,0,0,0,0,0,0,0,1,0,0,senior,"1,000 - 1,700 USD"
0,1,1,0,0,0,0,0,0,0,0,fresher,You'll love it
0,1,0,0,0,0,1,0,0,1,0,fresher,You'll love it
0,1,1,0,0,0,0,0,0,0,0,fresher,You'll love it
0,1,0,0,0,0,0,0,0,1,0,fresher,"1,000 - 1,500 USD"
0,1,0,0,0,0,1,0,0,0,0,junior,"900 - 2,500 USD"
0,1,0,0,0,0,0,0,0,0,0,junior,Up to $2000
0,1,1,0,0,0,0,0,0,0,0,junior,"1,500 - 2,500 USD"
0,1,1,0,0,0,0,0,0,0,0,junior,"1,500 - 4,000 USD"
0,1,0,0,0,0,0,0,0,0,0,junior,Up to $1500
0,1,1,0,0,0,0,0,0,0,0,junior,You'll love it
1,1,0,0,0,0,0,0,0,0,0,junior,Very attractive!!!
0,1,1,0,0,0,0,0,0,0,0,junior,You'll love it
0,1,0,0,0,0,1,0,0,0,0,junior,You'll love it
0,1,0,0,0,0,0,0,0,0,0,junior,You'll love it
0,1,1,0,0,0,0,0,0,0,0,junior,You'll love it
0,1,0,0,0,0,0,0,0,0,0,junior,You'll love it
0,1,0,0,0,0,0,0,0,0,0,junior,You'll love it
0,1,1,0,0,0,0,0,0,0,0,junior,You'll love it
0,1,1,0,0,0,0,0,0,0,0,junior,You'll love it
0,1,0,0,0,0,0,0,0,0,0,junior,"700 - 1,500 USD"
0,1,0,0,0,0,0,0,0,0,0,junior,"1,000 - 1,700 USD"
0,1,0,0,0,0,0,0,0,0,0,junior,You'll love it
0,1,0,0,0,0,0,0,0,0,0,junior,Up to $1000
0,1,0,0,0,0,0,0,0,1,0,junior,You'll love it
0,1,0,0,0,0,0,0,0,0,0,junior,You'll love it
1,1,1,0,0,0,0,0,0,0,0,junior,10m - 40m
0,1,1,0,0,0,0,0,0,0,0,junior,You'll love it
0,1,0,0,0,0,0,0,0,0,0,junior,"3,000 - 6,000 USD"
1,1,0,0,0,0,0,0,0,0,0,junior,"2,000 - 3,000 USD"
0,1,0,0,0,0,0,0,0,0,0,junior,You'll love it
0,1,0,0,0,0,0,0,0,0,0,junior,You'll love it
0,1,0,0,0,0,0,0,0,0,0,junior,You'll love it
0,1,0,0,0,0,0,0,0,0,0,junior,"700 - 2,200 USD"
0,1,0,0,0,0,0,0,0,0,0,junior,You'll love it
0,1,0,0,0,0,1,0,0,1,0,junior,You'll love it
0,1,0,0,0,0,0,0,0,0,0,junior,You'll love it
0,1,0,0,0,0,0,0,0,0,0,junior,"1,300 - 2,400 USD"
0,1,0,0,0,0,0,1,0,0,0,junior,"2,000 - 3,300 USD"
0,1,0,0,0,0,0,0,0,0,0,junior,"1,500 - 3,500 USD"
0,1,0,0,0,0,0,0,0,0,0,junior,"800 - 2,000 USD"
0,1,0,0,0,0,0,0,0,0,0,junior,"1,500 - 3,000 USD"
1,1,0,0,0,0,0,0,0,0,0,junior,Min 870$
0,1,0,0,0,0,0,0,0,0,0,junior,You'll love it
0,1,0,0,0,0,0,0,0,0,0,junior,You'll love it
0,1,1,0,0,0,0,0,0,0,0,junior,You'll love it
1,1,0,0,0,0,0,0,0,0,0,junior,You'll love it
0,1,0,0,0,0,1,0,0,0,0,junior,You'll love it
0,1,1,0,0,0,0,0,0,0,0,junior,Up to 2000$ 
0,1,1,0,0,0,0,0,0,0,0,junior,You'll love it
1,1,0,0,0,0,0,0,0,0,0,junior,"650 - 3,000 USD"
0,1,1,0,0,0,0,0,0,0,0,junior,You'll love it
0,1,0,0,0,0,0,0,0,1,0,junior,"1,000 - 1,500 USD"
1,1,0,0,0,0,0,1,0,0,0,junior,"2,000 - 3,200 USD"
0,1,0,0,0,0,0,0,0,1,0,junior,You'll love it
0,1,0,0,0,0,0,1,0,0,0,junior,You'll love it
0,1,0,0,0,0,1,0,0,0,0,junior,You'll love it
0,1,1,0,0,0,0,0,0,0,0,junior,You'll love it
0,0,0,0,0,0,0,0,0,0,0,junior,You'll love it
1,1,1,0,0,0,0,0,0,0,0,junior,You'll love it
0,1,1,0,0,0,0,0,0,0,1,junior,"1,000 - 2,900 USD"
0,1,0,0,0,0,0,0,0,0,0,junior,"500 - 1,000 USD"
0,1,0,0,0,0,0,0,0,1,0,junior,Super attractive
0,1,0,0,0,0,0,1,0,0,0,junior,You'll love it
0,1,0,0,0,0,0,0,0,0,0,junior,You'll love it
0,1,0,0,0,0,0,0,0,0,0,senior,Up to $2000
0,1,1,0,0,0,0,0,0,0,0,senior,You'll love it
0,1,1,0,0,0,0,0,0,0,0,senior,Negotiable
0,1,1,0,0,0,0,0,0,0,0,senior,"1,500 - 2,500 USD"
1,1,0,0,0,0,0,0,0,0,0,senior,"1,500 - 3,000 USD"
0,1,1,0,0,0,0,0,0,0,0,senior,"1,500 - 4,000 USD"
0,1,0,0,0,0,0,0,0,0,0,senior,Up to $1500
0,1,1,0,0,0,0,0,0,0,0,senior,You'll love it
0,1,0,0,0,0,0,0,0,0,0,senior,"1,000 - 2,500 USD"
0,1,1,0,0,0,0,0,0,0,0,senior,"1,500 - 3,000 USD"
0,1,1,0,0,0,0,0,0,0,0,senior,"1,500 - 3,000 USD"
1,1,0,0,0,0,0,0,0,0,0,senior,Very attractive!!!
0,1,1,0,0,0,0,0,0,0,0,senior,You'll love it
0,1,0,0,0,0,1,0,0,0,0,senior,You'll love it
0,1,1,0,0,0,0,0,0,0,0,senior,You'll love it
0,1,1,0,0,0,0,0,0,0,0,senior,You'll love it
0,1,1,0,0,0,0,0,0,0,0,senior,Up to $1400
0,1,1,0,0,0,0,0,0,0,1,senior,You'll love it
0,1,0,0,0,0,0,0,0,0,0,senior,You'll love it
0,1,0,0,0,0,0,0,0,0,0,senior,"1,000 - 1,700 USD"
0,1,0,0,0,0,0,0,0,0,0,senior,You'll love it
0,1,0,0,0,0,0,0,0,0,1,senior,"1,500 - 2,500 USD"
0,1,0,0,0,0,0,0,0,0,0,senior,You'll love it
0,1,0,0,0,0,0,0,0,1,0,senior,You'll love it
0,1,1,0,0,0,0,0,0,0,0,senior,"4,000 - 5,000 USD"
0,1,0,0,0,0,0,0,0,0,0,senior,"3,000 - 6,000 USD"
0,1,0,0,0,0,0,0,0,0,0,senior,"2,000 - 3,000 USD"
1,1,0,0,0,0,0,0,0,0,0,senior,"2,000 - 3,000 USD"
0,1,0,0,0,0,1,0,0,0,0,senior,Up to $2000
0,1,0,0,0,0,0,0,0,0,0,senior,You'll love it
0,1,0,0,0,0,1,0,0,1,0,senior,"1,500 - 2,500 USD"
0,1,0,0,0,0,0,0,0,0,0,senior,You'll love it
0,1,0,0,0,0,0,0,0,0,0,senior,You'll love it
0,1,0,0,0,0,0,0,0,0,0,senior,"700 - 2,200 USD"
0,1,0,0,0,0,1,0,0,1,0,senior,You'll love it
0,1,0,0,0,0,0,0,0,0,0,senior,"1,500 - 2,000 USD"
0,1,0,0,0,0,0,0,0,0,0,senior,You'll love it
0,1,0,0,0,0,0,0,0,0,0,senior,"1,300 - 2,400 USD"
0,1,0,0,0,0,0,0,0,0,0,senior,You'll love it
0,1,0,0,0,0,0,1,0,0,0,senior,"2,000 - 3,300 USD"
0,1,0,0,0,0,0,0,0,0,0,senior,You'll love it
0,1,0,0,0,0,1,0,0,0,0,senior,Negotiable 
0,1,0,0,0,0,0,0,0,0,0,senior,"1,500 - 3,500 USD"
0,1,0,0,0,0,0,1,0,0,0,senior,Up to $2500
0,1,0,0,0,0,0,0,0,0,0,senior,"800 - 2,000 USD"
0,1,0,0,0,0,0,0,0,0,0,senior,"1,500 - 3,000 USD"
0,1,1,0,0,0,0,0,0,0,0,senior,You'll love it
1,1,0,0,0,0,0,0,0,0,0,senior,Min 870$
0,1,1,0,0,0,0,0,0,0,0,senior,You'll love it
1,1,0,0,0,0,0,0,0,0,0,senior,You'll love it
0,1,0,0,0,0,1,0,0,0,0,senior,You'll love it
0,1,0,0,0,0,0,0,0,0,0,senior,You'll love it
0,1,1,0,0,0,0,0,0,0,0,senior,Up to 2000$ 
0,1,1,0,0,0,0,0,0,0,0,senior,You'll love it
1,1,0,0,0,0,0,0,0,0,0,senior,"650 - 3,000 USD"
0,1,1,0,0,0,0,0,0,0,0,senior,You'll love it
1,1,0,0,0,0,0,0,0,0,0,senior,You'll love it
1,1,0,0,0,0,0,1,0,0,0,senior,"2,000 - 3,200 USD"
0,1,0,0,0,0,1,0,0,0,0,senior,You'll love it
0,0,0,0,0,0,0,0,0,0,0,senior,"2,000 - 3,500 USD"
1,0,1,0,0,0,0,0,0,0,0,fresher,You'll love it
0,0,1,0,0,0,0,0,0,0,0,fresher,"800 - 1,800 USD"
0,1,1,0,0,0,0,0,0,0,0,fresher,You'll love it
0,0,1,0,0,0,0,1,0,0,0,fresher,You'll love it
0,0,1,0,0,0,0,0,0,0,0,fresher,You'll love it
0,0,1,0,0,0,0,0,0,0,0,fresher,"500 - 1,000 USD"
0,0,1,0,0,0,0,0,0,0,0,fresher,You'll love it
0,0,1,0,0,0,0,0,0,0,0,fresher,You'll love it
0,0,1,0,0,0,0,0,0,0,0,fresher,"800 - 1,600 USD"
0,0,1,0,0,0,0,0,0,0,0,fresher,You'll love it
0,1,1,0,0,0,0,0,0,0,0,fresher,You'll love it
0,0,1,0,0,0,0,0,0,0,0,junior,You'll love it
0,0,1,0,0,0,0,1,0,1,0,junior,"1,500 - 2,500 USD"
0,0,1,0,0,0,0,0,0,0,0,junior,"600 - 1,500 USD"
1,0,1,0,0,0,0,0,0,0,0,junior,You'll love it
0,0,1,0,0,0,0,0,0,0,0,junior,"1,200 - 2,000 USD"
0,0,1,0,0,0,0,0,0,0,0,junior,You'll love it
0,0,1,0,0,0,0,0,0,0,0,junior,You'll love it
0,0,1,0,0,0,0,0,0,0,0,junior,Up to 800$
0,1,1,0,0,0,0,0,0,0,0,junior,"1,500 - 2,500 USD"
1,0,1,0,0,0,0,0,0,0,0,junior,"1,000 - 3,000 USD"
0,1,1,0,0,0,0,0,0,0,0,junior,"1,500 - 4,000 USD"
0,0,1,0,0,0,0,0,0,0,0,junior,You'll love it
0,1,1,0,0,0,0,0,0,0,0,junior,You'll love it
0,0,1,0,0,0,0,0,0,0,0,junior,"1,500 - 2,500 USD"
0,0,1,0,0,0,0,0,0,0,0,junior,"800 - 1,800 USD"
0,1,1,0,0,0,0,0,0,0,0,junior,You'll love it
0,1,1,0,0,0,0,0,0,0,0,junior,You'll love it
0,0,1,0,0,0,0,0,0,0,0,junior,You'll love it
0,0,1,0,0,0,0,0,0,0,0,junior,You'll love it
0,0,1,0,0,0,0,0,0,0,0,junior,You'll love it
0,1,1,0,0,0,0,0,0,0,0,junior,You'll love it
0,1,1,0,0,0,0,0,0,0,0,junior,You'll love it
0,0,1,0,0,0,0,0,0,0,1,junior,You'll love it
1,1,1,0,0,0,0,0,0,0,0,junior,10m - 40m
0,0,1,0,0,0,0,0,0,0,0,junior,You'll love it
0,0,1,0,0,0,0,0,0,0,0,junior,You'll love it
0,1,1,0,0,0,0,0,0,0,0,junior,You'll love it
0,0,1,0,0,0,1,0,0,0,0,junior,You'll love it
0,0,1,0,0,0,0,1,0,0,0,junior,You'll love it
0,0,1,0,0,0,1,0,0,0,0,junior,Upto 2100$
0,0,1,0,0,0,0,0,0,0,0,junior,You'll love it
0,0,1,0,0,0,0,0,0,0,0,junior,You'll love it
0,0,1,0,0,0,0,0,0,0,0,junior,"800 - 1,500 USD"
0,0,1,0,0,0,0,0,0,0,0,junior,Up to 1200$
1,0,1,0,0,0,0,0,0,0,0,junior,You'll love it
0,0,1,0,0,0,0,0,0,0,0,junior,You'll love it
0,0,1,0,0,0,0,0,0,0,0,junior,You'll love it
0,0,1,0,0,0,0,0,0,0,0,junior,You'll love it
0,0,1,0,0,0,0,0,0,0,0,junior,"500 - 1,000 USD"
0,0,1,0,0,0,0,0,0,0,0,junior,Upto 3500$
0,0,1,0,0,0,0,0,0,0,0,junior,"1,500 - 2,500 USD"
0,0,1,0,0,0,0,0,0,0,0,junior,You'll love it
1,0,1,0,0,0,0,0,0,0,0,junior,"700 - 2,000 USD"
0,0,1,0,0,0,0,0,0,0,0,junior,"1,000 - 2,000 USD"
0,0,1,0,0,0,0,0,0,0,0,junior,"2,000 - 3,300 USD"
0,0,1,0,0,0,0,0,0,0,0,junior,20m - 40m
0,0,1,0,0,0,0,0,0,0,0,junior,You'll love it
0,0,1,0,0,0,0,0,0,0,0,junior,"1,000 - 3,500 USD"
0,0,1,0,0,0,0,0,0,0,0,junior,Cạnh tranh !
0,0,1,0,0,0,0,0,0,0,0,junior,560 - 740 USD
0,0,1,0,0,0,0,0,0,0,0,junior,You'll love it
0,1,1,0,0,0,0,0,0,0,0,junior,You'll love it
0,0,1,0,0,0,0,0,0,0,0,junior,"800 - 1,600 USD"
0,0,1,0,0,0,0,0,0,0,0,junior,You'll love it
0,1,1,0,0,0,0,0,0,0,0,junior,You'll love it
0,0,1,0,0,0,0,0,0,0,0,junior,You'll love it
0,0,1,0,0,0,0,0,0,0,0,junior,"1,000 - 1,700 USD"
0,0,1,0,0,0,0,0,0,0,0,junior,"2,000 - 3,200 USD"
0,0,1,0,0,0,0,0,0,0,0,junior,You'll love it
0,1,1,0,0,0,0,0,0,0,0,junior,You'll love it
0,0,1,0,0,0,0,0,0,0,0,senior,You'll love it
0,0,1,0,0,0,0,0,0,0,0,senior,You'll love it
0,0,1,0,0,0,0,0,0,0,0,senior,You'll love it
0,0,1,0,0,0,0,1,0,1,0,senior,"1,500 - 2,500 USD"
0,0,1,0,0,0,0,0,0,0,0,senior,"1,200 - 2,000 USD"
0,0,1,0,0,0,0,0,0,0,0,senior,You'll love it
0,0,1,0,0,0,0,0,0,0,0,senior,You'll love it
0,1,1,0,0,0,0,0,0,0,0,senior,You'll love it
0,0,1,0,0,0,0,0,0,0,0,senior,You'll love it
0,1,1,0,0,0,0,0,0,0,0,senior,Negotiable
0,0,1,0,0,0,0,0,0,0,0,senior,You'll love it
0,0,1,0,0,0,0,0,0,0,0,senior,You'll love it
0,1,1,0,0,0,0,0,0,0,0,senior,"1,500 - 2,500 USD"
0,0,1,0,0,0,0,0,0,0,0,senior,"1,000 - 3,000 USD"
1,0,1,0,0,0,0,0,0,0,0,senior,"1,000 - 3,000 USD"
0,1,1,0,0,0,0,0,0,0,0,senior,"1,500 - 4,000 USD"
0,0,1,0,0,0,0,0,0,0,0,senior,You'll love it
0,0,1,0,0,0,0,0,0,0,0,senior,"800 - 2,000 USD"
0,1,1,0,0,0,0,0,0,0,0,senior,You'll love it
0,0,1,0,0,0,0,0,0,0,0,senior,"1,500 - 2,500 USD"
0,0,1,0,0,0,0,0,0,0,0,senior,"800 - 1,800 USD"
0,1,1,0,0,0,0,0,0,0,0,senior,"1,500 - 3,000 USD"
0,0,1,0,0,0,0,0,0,0,0,senior,You'll love it
0,1,1,0,0,0,0,0,0,0,0,senior,You'll love it
0,0,1,0,0,0,0,0,0,0,0,senior,"2,000 - 3,000 USD"
0,0,1,0,0,0,0,0,0,0,0,senior,You'll love it
0,0,1,0,0,0,0,0,0,0,0,senior,You'll love it
0,0,1,0,0,0,0,0,0,0,0,senior,You'll love it
0,0,1,0,0,0,0,0,0,0,0,senior,You'll love it
0,1,1,0,0,0,0,0,0,0,0,senior,You'll love it
0,1,1,0,0,0,0,0,0,0,0,senior,You'll love it
0,1,1,0,0,0,0,0,0,0,0,senior,Up to $1400
0,0,1,0,0,0,0,0,0,0,0,senior,You'll love it
0,1,1,0,0,0,0,0,0,0,0,senior,"4,000 - 5,000 USD"
0,0,1,0,0,0,0,0,0,0,1,senior,You'll love it
0,0,1,0,0,0,0,1,0,0,0,senior,You'll love it
0,0,1,0,0,0,1,0,0,0,0,senior,Upto 2100$
0,0,1,0,0,0,0,0,0,0,0,senior,You'll love it
0,0,1,0,0,0,0,0,0,0,0,senior,You'll love it
0,0,1,0,0,0,0,0,0,0,0,senior,"800 - 1,500 USD"
0,0,1,0,0,0,0,0,0,0,0,senior,Up to 1200$
0,0,1,0,0,0,0,0,0,0,0,senior,Upto $1800
0,0,1,0,0,0,0,0,0,0,0,senior,You'll love it
0,0,1,0,0,0,0,0,0,0,0,senior,You'll love it
0,0,1,0,0,0,0,0,0,0,0,senior,You'll love it
0,0,1,0,0,0,0,0,0,0,0,senior,"500 - 1,000 USD"
0,0,1,0,0,0,0,0,0,0,0,senior,Upto 3500$
0,0,1,0,0,0,0,0,0,0,0,senior,"1,500 - 2,500 USD"
0,0,1,0,0,0,0,0,0,0,0,senior,You'll love it
1,0,1,0,0,0,0,0,0,0,0,senior,"700 - 2,000 USD"
1,0,1,0,0,0,0,0,0,0,1,senior,You'll love it
0,0,1,0,0,0,0,0,0,0,0,senior,"1,000 - 2,000 USD"
0,0,1,0,0,0,0,0,0,0,0,senior,"2,000 - 3,300 USD"
0,0,1,0,0,0,0,0,0,0,0,senior,20m - 40m
1,0,1,0,0,0,0,0,0,0,0,senior,"2,000 - 3,500 USD"
0,0,1,0,0,0,0,0,0,0,0,senior,You'll love it
0,0,1,0,0,0,0,0,0,0,0,senior,You'll love it
0,0,1,0,0,0,0,0,0,0,0,senior,"1,000 - 3,500 USD"
0,0,1,0,0,0,0,0,0,0,0,senior,"1,500 - 2,500 USD"
0,0,1,0,0,0,0,0,0,0,0,senior,Cạnh tranh !
0,1,1,0,0,0,0,0,0,0,0,senior,You'll love it
0,1,1,0,0,0,0,0,0,0,0,senior,You'll love it
0,0,1,0,0,0,0,0,0,0,0,senior,"800 - 1,600 USD"
0,0,1,0,0,0,0,0,0,0,0,senior,You'll love it
0,1,1,0,0,0,0,0,0,0,0,senior,You'll love it
0,0,1,0,0,0,0,0,0,0,0,senior,You'll love it
0,0,1,0,0,0,0,0,0,0,0,senior,"1,000 - 1,700 USD"
0,0,1,0,0,0,0,0,0,0,0,senior,"2,000 - 3,200 USD"
0,0,0,0,0,0,0,0,0,0,0,senior,"2,000 - 3,500 USD"
0,1,1,0,0,0,0,0,0,0,0,senior,You'll love it
0,0,1,0,0,0,0,0,0,0,0,senior,You'll love it
0,1,1,0,0,0,0,0,0,0,0,senior,"2,000 - 2,500 USD"
1,1,1,0,0,0,0,0,0,0,0,senior,You'll love it
0,0,1,0,0,0,0,0,0,0,0,senior,You'll love it
0,0,1,0,0,0,0,0,0,0,0,senior,You'll love it
0,0,1,0,0,0,0,0,0,0,0,senior,"1,000 - 3,500 USD"
1,0,1,0,0,0,0,0,0,0,0,senior,You'll love it
0,0,1,0,0,0,0,0,0,0,0,senior,You will love it
0,0,1,1,0,0,0,0,0,0,0,senior,You'll love it 
1,0,1,0,0,0,0,0,0,0,0,senior,You'll love it
0,1,1,0,0,0,0,0,0,0,0,senior,You'll love it
0,0,1,0,0,0,0,0,0,0,0,senior,You'll love it
0,1,0,0,0,0,0,0,0,0,0,senior,You'll love it
0,0,1,0,0,0,0,0,0,0,0,senior,"2,200 - 2,600 USD"
0,1,1,0,0,0,0,0,0,0,0,senior,"1,500 - 3,000 USD"
0,1,1,0,0,0,0,0,0,0,1,senior,"1,000 - 2,900 USD"
0,0,1,0,0,0,0,0,0,0,0,senior,You'll love it
0,1,1,0,0,0,0,0,0,0,1,senior,You'll love it
0,1,1,0,0,0,0,0,0,0,0,senior,"1,500 - 2,500 USD"
0,0,1,0,0,0,0,0,0,0,1,senior,"1,000 - 1,500 USD"
0,0,1,0,0,0,0,0,0,0,0,senior,"Up to $3,000"
0,1,1,0,0,0,0,0,0,0,0,senior,"2,000 - 4,000 USD"
0,0,1,0,0,0,0,0,0,0,0,senior,You'll love it
0,0,1,0,0,0,0,0,0,1,0,senior,You'll love it
0,0,1,0,0,0,0,0,0,0,1,senior,You'll love it
0,0,1,0,0,0,1,0,0,0,0,senior,Up to $2000
1,0,1,0,0,0,0,0,0,0,0,senior,"3,000 - 4,500 USD"
0,0,1,0,0,0,0,0,0,0,0,senior,You'll love it
0,0,1,0,0,0,0,0,0,0,0,senior,You'll love it
0,0,1,0,0,0,0,0,0,0,0,senior,You'll love it
0,0,0,0,0,0,0,0,0,0,0,fresher,"1,000 - 2,500 USD"
0,1,1,0,0,0,0,0,0,0,0,fresher,You'll love it
0,0,0,0,0,0,0,0,0,1,0,fresher,Up to 2000
0,0,0,0,0,0,0,0,0,0,0,junior,"900 - 2,500 USD"
0,1,0,0,0,0,1,0,0,0,0,junior,"900 - 2,500 USD"
0,0,0,0,0,0,0,0,0,0,0,junior,"1,000 - 2,500 USD"
0,0,0,1,0,0,0,0,0,0,0,junior,"800 - 3,500 USD"
0,1,1,0,0,0,0,0,0,0,0,junior,You'll love it
0,0,0,0,0,0,0,0,0,0,0,junior,You'll love it
0,0,0,1,0,0,0,0,0,0,0,junior,Upto 1200$
0,0,0,0,0,0,0,0,0,1,0,junior,Up to 2000
0,0,0,1,0,0,0,0,0,1,0,junior,You'll love it
0,0,0,0,0,0,0,0,0,0,0,senior,"900 - 2,500 USD"
0,0,0,0,0,0,0,0,0,0,0,senior,"1,000 - 2,500 USD"
0,0,0,1,0,0,0,0,0,0,0,senior,"800 - 3,500 USD"
0,1,1,0,0,0,0,0,0,0,0,senior,You'll love it
0,0,0,0,0,0,0,0,0,0,0,senior,You'll love it
0,0,0,0,0,0,0,0,0,0,0,senior,You'll love it
0,0,0,1,0,0,0,0,0,0,0,senior,Upto 1200$
0,0,0,1,0,0,0,0,0,0,0,senior,"2,500 - 4,500 USD"
0,0,0,0,0,0,0,0,0,1,0,senior,Up to 2000
0,0,0,1,0,0,0,0,0,1,0,senior,You'll love it
0,0,0,0,0,1,0,0,0,0,0,fresher,You'll love it
0,0,0,0,1,1,0,0,0,0,0,fresher,"1,000 - 2,000 USD"
0,0,0,0,1,1,0,0,0,0,0,fresher,You'll love it
0,0,0,0,0,1,0,0,0,0,0,fresher,"500 - 1,800 USD"
0,0,0,0,1,1,0,0,0,0,0,fresher,You'll love it
0,0,0,0,0,0,0,0,0,0,0,fresher,"500 - 1,800 USD"
0,0,0,0,1,0,0,0,0,0,0,fresher,You'll love it
0,0,0,0,0,1,0,0,0,0,0,junior,You'll love it
0,0,0,0,0,1,0,0,0,0,0,junior,Up to 1500$
0,0,0,0,1,1,0,0,0,0,0,junior,"900 - 1,500 USD"
0,0,0,0,1,1,0,0,0,0,0,junior,You'll love it
0,0,0,0,1,1,0,0,0,0,0,junior,"800 - 1,700 USD"
0,0,0,0,0,1,0,0,0,0,0,junior,You'll love it
0,0,0,0,0,1,0,0,0,0,0,junior,Very competitive salary!
0,0,0,0,1,1,0,0,0,0,0,junior,"1,000 - 2,000 USD"
1,0,0,0,1,1,0,0,0,0,0,junior,Up to 3500$
0,0,0,0,1,1,0,0,0,0,0,junior,You'll love it
0,0,0,0,1,1,0,0,0,0,0,junior,You'll love it
0,0,0,0,0,1,0,0,0,0,0,junior,"500 - 1,800 USD"
0,0,0,0,1,1,0,0,0,0,0,junior,You'll love it
0,0,0,0,0,1,0,0,0,0,0,junior,You'll love it
0,0,0,0,0,1,0,0,0,0,0,junior,"1,200 - 2,000 USD"
0,0,0,0,1,1,0,0,0,0,0,junior,You'll love it
0,0,0,0,0,1,0,0,0,0,0,junior,You'll love it
0,0,0,0,1,1,0,0,0,0,0,junior,"800 - 2,000 USD"
0,0,0,0,0,1,0,0,0,0,0,junior,You'll love it
0,0,0,0,1,1,0,0,0,0,0,junior,You'll love it
0,0,0,0,0,1,0,0,0,0,0,senior,You'll love it
0,0,0,0,0,1,0,0,0,0,0,senior,Up to 1500$
0,0,0,0,0,1,0,0,0,0,0,senior,You'll love it
0,0,0,0,0,1,0,0,0,0,0,senior,"1,200 - 2,000 USD"
0,0,0,0,0,1,0,0,0,0,0,senior,Very competitive salary!
0,0,0,0,1,1,0,0,0,0,0,senior,"1,000 - 2,000 USD"
0,0,0,0,0,1,0,0,0,0,0,senior,Up to $2000
1,0,0,0,1,1,0,0,0,0,0,senior,Up to 3500$
0,0,0,0,1,1,0,0,0,0,0,senior,You'll love it
0,0,0,0,0,1,0,0,0,0,0,senior,"2,000 - 4,000 USD"
0,0,0,0,1,1,0,0,0,0,0,senior,Negoti
0,0,0,0,1,1,0,0,0,0,0,senior,You'll love it
0,0,0,0,0,1,0,0,0,0,0,senior,"500 - 1,800 USD"
0,0,0,0,1,1,0,0,0,0,0,senior,You'll love it
0,0,0,0,0,1,0,0,0,0,0,senior,You'll love it
0,0,0,0,0,1,0,0,0,0,0,senior,"1,200 - 2,000 USD"
0,0,0,0,0,1,0,0,0,0,0,senior,You'll love it
0,0,0,0,1,1,0,0,0,0,0,senior,You'll love it
0,0,0,0,0,1,0,0,0,0,0,senior,You'll love it
0,0,0,0,1,1,0,0,0,0,0,senior,You'll love it
0,0,0,0,1,1,0,0,0,0,0,fresher,"1,000 - 2,000 USD"
1,0,0,0,1,0,0,0,0,0,0,fresher,Up to 2.000 $
0,0,0,0,1,1,0,0,0,0,0,fresher,You'll love it
0,0,0,0,1,0,0,0,0,0,0,fresher,You'll love it
1,0,0,0,1,0,0,0,0,0,0,fresher,Very attractive 
0,0,0,0,1,1,0,0,0,0,0,fresher,You'll love it
0,0,0,0,0,0,0,0,0,0,0,fresher,"500 - 1,800 USD"
0,0,0,0,1,1,0,0,0,0,0,junior,"900 - 1,500 USD"
0,0,0,0,1,1,0,0,0,0,0,junior,You'll love it
0,0,0,0,1,1,0,0,0,0,0,junior,"800 - 1,700 USD"
0,0,0,0,1,1,0,0,0,0,0,junior,"1,000 - 2,000 USD"
1,0,0,0,1,0,0,0,0,0,0,junior,Up to 2.000 $
0,0,0,0,1,1,0,0,0,0,0,junior,You'll love it
1,0,0,0,1,0,0,0,0,0,0,junior,Very competitive salary!
1,0,0,0,1,0,0,0,0,0,0,junior,"500 - 2,500 USD"
0,0,0,0,1,0,0,0,0,0,0,junior,You'll love it
0,0,0,0,1,1,0,0,0,0,0,junior,You'll love it
0,0,0,0,1,1,0,0,0,0,0,junior,You'll love it
1,0,0,0,1,0,0,0,1,0,0,junior,You'll love it
0,0,0,0,1,0,0,0,0,0,0,junior,You'll love it
0,0,0,0,1,0,0,0,0,0,0,junior,You'll love it
0,0,0,0,1,1,0,0,0,0,0,junior,You'll love it
1,0,0,0,1,0,0,0,0,0,0,junior,20 - 50m
0,0,0,0,1,0,0,0,0,0,0,junior,You'll love it
1,0,0,0,1,0,0,0,0,0,0,junior,Very attractive 
0,0,0,0,1,1,0,0,0,0,0,junior,You'll love it
0,0,0,0,1,0,0,0,0,0,0,junior,20 – 36 gross
0,0,0,0,1,0,0,0,0,0,0,senior,You'll love it
0,0,0,0,1,1,0,0,0,0,0,senior,"1,000 - 2,000 USD"
1,0,0,0,1,0,0,0,0,0,0,senior,Up to 2.000 $
0,0,0,0,1,1,0,0,0,0,0,senior,You'll love it
1,0,0,0,1,0,0,0,0,0,0,senior,Very competitive salary!
0,0,0,0,1,1,0,0,0,0,0,senior,Negoti
1,0,0,0,1,0,0,0,0,0,0,senior,"500 - 2,500 USD"
0,0,0,0,1,1,0,0,0,0,0,senior,You'll love it
0,0,0,0,1,1,0,0,0,0,0,senior,You'll love it
1,0,0,0,1,0,0,0,1,0,0,senior,You'll love it
1,0,0,0,1,0,0,0,0,0,0,senior,20 - 50m
1,0,0,0,1,0,0,0,0,0,0,senior,You'll love it
0,0,0,0,1,0,0,0,0,0,0,senior,You'll love it
0,0,0,0,1,1,0,0,0,0,0,senior,You'll love it
1,0,0,0,1,0,0,0,0,0,0,senior,Very attractive 
0,0,0,0,1,1,0,0,0,0,0,senior,You'll love it
0,0,0,0,1,1,0,0,0,0,0,senior,You'll love it
0,0,0,0,1,0,0,0,0,0,0,senior,"2,500 - 4,000 USD"
0,0,0,0,1,1,0,0,0,0,0,senior,You'll love it
0,0,0,0,1,1,0,0,0,0,0,senior,"1,500 - 2,000 USD"
0,0,0,1,0,0,1,0,0,0,0,fresher,"500 - 1,500 USD"
0,0,0,0,0,0,1,0,0,0,0,fresher,"500 - 2,500 USD"
0,0,0,0,0,0,1,0,0,0,0,fresher,You'll love it
0,0,0,0,0,0,1,0,0,0,0,fresher,You'll love it
0,0,0,0,0,0,1,0,0,0,0,fresher,"1,000 - 2,500 USD"
0,0,0,0,0,0,1,0,0,0,0,fresher,"500 - 1,200 USD"
0,0,0,0,0,0,1,0,0,0,0,fresher,"500 - 3,000 USD"
0,0,0,0,0,0,1,0,0,0,0,fresher,"700 - 1,200 USD"
0,1,0,0,0,0,1,0,0,1,0,fresher,You'll love it
0,0,0,0,0,0,1,0,0,0,0,fresher,You'll love it
0,0,0,0,0,0,1,0,0,1,0,fresher,"1,500 - 2,500 USD"
1,0,0,0,0,0,0,1,0,0,0,fresher,You'll love it
0,0,0,0,0,0,0,0,0,0,0,fresher,Negotiate
0,1,0,0,0,0,1,0,0,0,0,junior,"900 - 2,500 USD"
0,0,0,0,0,0,1,0,0,0,0,junior,You'll love it
0,0,0,1,0,0,1,0,0,0,0,junior,"500 - 1,500 USD"
0,0,0,0,0,0,1,0,0,0,0,junior,"500 - 2,500 USD"
0,0,0,0,0,0,1,0,0,0,0,junior,You'll love it
0,0,0,0,0,0,1,1,0,0,0,junior,15 - 20m + bonus
0,0,0,0,0,0,1,0,0,0,0,junior,Up to 1000$
0,0,0,0,0,0,1,0,0,0,0,junior,"1,000 - 2,000 USD"
0,0,0,0,0,0,1,0,0,0,0,junior,You'll love it
0,0,0,0,0,0,1,0,0,0,0,junior,You'll love it
0,0,0,0,0,0,1,0,0,0,0,junior,You'll love it
0,1,0,0,0,0,1,0,0,0,0,junior,You'll love it
0,0,0,0,0,0,1,0,0,0,0,junior,You'll love it
0,0,0,0,0,0,1,0,0,0,0,junior,You'll love it
0,0,0,0,0,0,1,0,0,0,0,junior,You'll love it
0,0,0,0,0,0,1,0,0,0,0,junior,You'll love it
0,0,0,0,0,0,1,1,0,0,0,junior,You'll love it
0,0,0,0,0,0,1,0,0,0,0,junior,You'll love it
0,0,0,0,0,0,1,0,0,0,0,junior,You'll love it
0,0,0,0,0,0,1,0,0,0,0,junior,You'll love it
0,0,0,0,0,0,1,0,1,0,0,junior,You'll love it
0,0,0,0,0,0,1,0,0,0,0,junior,You'll love it
0,0,0,0,0,0,1,0,0,0,0,junior,You'll love it
0,0,0,0,0,0,1,0,0,0,0,junior,You'll love it
0,0,0,0,0,0,1,0,0,0,0,junior,You'll love it
0,0,0,0,0,0,1,0,0,0,0,junior,You'll love it
0,0,0,0,0,0,1,0,0,0,0,junior,You'll love it
0,0,0,0,0,0,1,0,0,0,0,junior,"1,000 - 2,500 USD"
0,0,0,0,0,0,1,0,0,0,0,junior,500 - 900 USD
0,0,0,0,0,0,1,0,0,0,0,junior,15 - 20m + bonus
0,1,0,0,0,0,1,0,0,0,0,junior,You'll love it
0,0,0,0,0,0,1,0,0,0,0,junior,"500 - 1,200 USD"
0,0,0,0,0,0,1,0,0,0,0,junior,Up to $2000
0,0,0,0,0,0,1,0,0,0,0,junior,"500 - 3,000 USD"
0,0,0,0,0,0,1,0,0,0,0,junior,You'll love it
1,0,0,1,0,0,1,0,0,0,0,junior,"1,800 - 3,000 USD"
0,0,0,0,0,0,1,0,0,0,0,junior,You'll love it
0,0,0,0,0,0,1,0,0,0,0,junior,15tr - 20tr
0,0,0,0,0,0,1,0,0,0,0,junior,You'll love it
0,0,0,0,0,0,1,0,0,0,0,junior,You'll love it
0,0,0,0,0,0,1,0,0,0,0,junior,You'll love it
0,0,0,0,0,0,1,0,0,0,0,junior,You'll love it
0,0,0,0,0,0,1,0,0,0,0,junior,You'll love it
0,0,1,0,0,0,1,0,0,0,0,junior,You'll love it
0,0,0,0,0,0,1,0,0,0,0,junior,"700 - 1,200 USD"
0,0,1,0,0,0,1,0,0,0,0,junior,Upto 2100$
0,0,0,0,0,0,1,0,0,0,0,junior,"700 - 1,500 USD"
0,0,0,0,0,0,1,0,0,0,0,junior,"700 - 1,500 USD"
0,0,0,0,0,0,1,0,0,0,0,junior,You'll love it
0,0,0,0,0,0,1,0,0,0,0,junior,"500 - 1,000 USD"
0,0,0,0,0,0,1,0,0,0,0,junior,You'll love it
0,0,0,0,0,0,1,0,0,0,0,junior,Thỏa thuận
0,0,0,0,0,0,1,0,0,0,0,junior,You'll love it
0,1,0,0,0,0,1,0,0,1,0,junior,You'll love it
1,0,0,0,0,0,1,0,0,0,0,junior,You'll love it
0,0,0,0,0,0,1,0,0,0,0,junior,You'll love it
0,0,0,0,0,0,1,0,0,0,0,junior,You'll love it
0,0,0,0,0,0,1,0,0,0,0,junior,You'll love it
0,0,0,0,0,0,1,0,0,0,0,junior,You'll love it
0,0,0,0,0,0,1,0,0,0,0,junior,You'll love it
0,0,0,0,0,0,1,0,0,0,0,junior,You'll love it
0,0,1,0,0,0,1,0,0,0,0,junior,Up to $2000
0,0,0,0,0,0,1,0,0,0,0,junior,You'll love it
0,0,0,0,0,0,1,0,0,1,0,junior,"1,500 - 2,500 USD"
1,0,0,0,0,0,1,0,0,0,0,junior,You'll love it
0,0,0,0,0,0,1,0,0,0,0,junior,You'll love it
0,0,0,0,0,0,1,0,0,0,0,junior,"1,000 - 1,700 USD"
0,0,0,0,0,0,1,0,0,0,0,junior,"700 - 1,700 USD"
0,0,0,0,0,0,1,0,0,0,0,junior,"1,000 - 1,200 USD"
1,0,0,0,0,0,1,0,0,0,0,junior,You'll love it
0,0,0,0,0,0,1,0,0,0,0,junior,You'll love it
0,0,0,0,0,0,1,0,0,0,0,junior,You'll love it
0,0,0,0,0,0,1,0,0,0,0,junior,You'll love it
0,0,0,0,0,0,1,0,0,0,0,junior,You'll love it
0,0,0,0,0,0,1,0,0,0,0,junior,"700 - 1,500 USD"
0,0,0,0,0,0,1,0,0,0,0,junior,You'll love it
0,0,0,0,0,0,1,0,0,0,0,junior,You'll love it
0,0,0,0,0,0,1,0,0,0,0,junior,"1,900 - 2,100 USD"
0,0,0,0,0,0,1,0,0,0,0,junior,You'll love it
0,0,0,0,0,0,1,0,0,0,0,junior,You'll love it
0,0,0,0,0,0,1,0,0,0,0,senior,25 - 35m
0,0,0,0,0,0,1,0,0,0,0,senior,You'll love it
0,0,0,0,0,0,1,0,0,0,0,senior,"2,300 - 3,000 USD"
0,0,0,1,0,0,1,0,0,0,0,senior,"500 - 1,500 USD"
0,0,0,0,0,0,1,0,0,0,0,senior,"500 - 2,500 USD"
0,0,0,0,0,0,1,0,0,0,0,senior,You'll love it
0,0,0,0,0,0,1,0,0,0,0,senior,You'll love it
0,0,0,0,0,0,1,0,0,0,0,senior,"1,000 - 2,000 USD"
0,0,0,0,0,0,1,0,0,0,0,senior,"1,500 - 2,500 USD"
1,0,0,0,0,0,1,0,0,0,0,senior,"1,500 - 3,000 USD"
0,0,0,0,0,0,1,0,0,0,0,senior,You'll love it
0,0,0,0,0,0,1,0,0,0,0,senior,You'll love it
0,1,0,0,0,0,1,0,0,0,0,senior,You'll love it
0,0,0,0,0,0,1,0,0,0,0,senior,You'll love it
0,0,0,0,0,0,1,0,0,0,0,senior,You'll love it
0,0,0,0,0,0,1,0,0,0,0,senior,You'll love it
0,0,0,0,0,0,1,0,0,0,0,senior,You'll love it
0,0,0,0,0,0,1,0,0,0,0,senior,You'll love it
0,0,0,0,0,0,1,0,1,0,0,senior,You'll love it
0,0,0,0,0,0,1,0,0,0,0,senior,You'll love it
0,0,0,0,0,0,1,0,0,0,0,senior,You'll love it
0,0,0,0,0,0,1,0,0,0,0,senior,You'll love it
0,0,0,0,0,0,1,0,0,0,0,senior,You'll love it
0,0,0,0,0,0,1,0,0,0,0,senior,"1,000 - 2,500 USD"
0,1,0,0,0,0,1,0,0,0,0,senior,You'll love it
0,0,0,0,0,0,1,0,0,0,0,senior,Up to $2000
0,0,0,0,0,0,1,0,0,0,0,senior,You'll love it
0,0,0,0,0,0,1,0,0,0,0,senior,"500 - 3,000 USD"
1,0,0,1,0,0,1,0,0,0,0,senior,"1,800 - 3,000 USD"
0,0,0,0,0,0,1,0,0,0,0,senior,15tr - 20tr
0,0,0,0,0,0,1,0,0,0,0,senior,You'll love it
0,0,0,0,0,0,1,0,0,0,0,senior,You'll love it
0,0,0,0,0,0,1,0,0,0,0,senior,"700 - 1,200 USD"
0,0,1,0,0,0,1,0,0,0,0,senior,Upto 2100$
0,0,0,0,0,0,1,0,0,0,0,senior,"700 - 1,500 USD"
0,0,0,0,0,0,1,0,0,0,0,senior,Up to $2500
0,0,0,0,0,0,1,0,0,0,0,senior,"1,000 - 3,000 USD"
0,0,0,0,0,0,1,0,0,0,0,senior,"700 - 1,500 USD"
0,1,0,0,0,0,1,0,0,0,0,senior,Up to $2000
0,1,0,0,0,0,1,0,0,1,0,senior,"1,500 - 2,500 USD"
0,0,0,0,0,0,1,0,0,0,0,senior,You'll love it
0,0,0,0,0,0,1,0,0,0,0,senior,25tr - 40tr
0,0,0,0,0,0,1,0,0,0,0,senior,Thỏa thuận
0,1,0,0,0,0,1,0,0,1,0,senior,You'll love it
1,0,0,0,0,0,1,0,0,0,0,senior,You'll love it
0,0,0,0,0,0,1,0,0,0,0,senior,You'll love it
0,0,0,0,0,0,1,0,0,0,0,senior,You'll love it
0,0,1,0,0,0,1,0,0,0,0,senior,Up to $2000
0,0,0,0,0,0,1,0,0,0,0,senior,You'll love it
0,0,0,0,0,0,1,0,0,1,0,senior,"1,500 - 2,500 USD"
1,0,0,0,0,0,1,0,0,0,0,senior,You'll love it
0,0,0,0,0,0,1,0,0,0,0,senior,You'll love it
0,0,0,0,0,0,1,0,0,0,0,senior,"1,000 - 1,700 USD"
0,0,0,0,0,0,1,0,0,0,0,senior,"700 - 1,700 USD"
0,1,0,0,0,0,1,0,0,0,0,senior,Negotiable 
1,0,0,0,0,0,1,0,0,0,0,senior,You'll love it
0,0,0,0,0,0,1,0,0,0,0,senior,You'll love it
0,0,0,0,0,0,1,0,0,0,0,senior,You'll love it
0,0,0,0,0,0,1,0,0,0,0,senior,You'll love it
0,0,0,0,0,0,1,0,0,0,0,senior,"700 - 1,500 USD"
1,0,0,0,0,0,0,1,0,0,0,fresher,You'll love it
0,0,0,0,0,0,0,1,0,0,0,fresher,"1,000 - 1,500 USD"
0,0,0,0,0,0,0,1,0,0,0,fresher,You'll love it
1,0,0,0,0,0,0,1,0,0,0,fresher,"500 - 1,000 USD"
0,0,1,0,0,0,0,1,0,0,0,fresher,You'll love it
0,0,0,0,0,0,0,1,0,0,0,fresher,You'll love it
0,0,0,0,0,0,0,1,0,0,0,fresher,You'll love it
1,0,0,0,0,0,0,1,0,0,0,fresher,You'll love it
0,0,0,0,0,0,0,1,1,0,0,fresher,You'll love it
0,0,0,0,0,0,0,1,0,0,0,fresher,You'll love it
0,0,0,0,0,0,0,1,0,0,0,fresher,Up to $1500
0,0,0,0,0,0,0,1,0,0,0,junior,You'll love it
0,0,0,0,0,0,0,1,0,0,0,junior,"2,000 - 3,000 USD"
0,0,0,1,0,0,0,1,0,1,0,junior,You'll love it
0,0,1,0,0,0,0,1,0,1,0,junior,"1,500 - 2,500 USD"
1,0,0,0,0,0,0,1,0,0,0,junior,You'll love it
0,0,0,0,0,0,0,1,0,0,0,junior,"2,000 - 3,000 USD"
0,0,0,0,0,0,0,1,0,0,0,junior,You'll love it
1,0,0,0,0,0,0,1,0,0,0,junior,You'll love it
0,0,0,0,0,0,0,1,0,0,0,junior,You'll love it
0,0,0,0,0,0,0,1,1,0,0,junior,"1,000 - 2,500 USD"
0,0,0,0,0,0,0,1,0,0,0,junior,You'll love it
1,0,0,0,0,0,0,1,0,0,0,junior,"1,000 - 2,000 USD"
0,0,0,0,0,0,0,1,0,0,0,junior,You'll love it
0,0,0,0,0,0,1,1,0,0,0,junior,15 - 20m + bonus
1,0,0,0,0,0,0,1,0,0,0,junior,40mil-60mil (gross)
0,0,0,0,0,0,0,1,0,0,0,junior,Up to $2500
0,0,0,0,0,0,0,1,0,0,0,junior,"1,000 - 1,500 USD"
0,0,0,0,0,0,0,1,0,0,0,junior,Up to $1500
0,0,0,0,0,0,0,1,0,0,0,junior,You'll love it
0,0,0,0,0,0,0,1,0,0,0,junior,You'll love it
0,0,0,0,0,0,0,1,0,0,0,junior,You'll love it
1,0,0,0,0,0,0,1,1,0,0,junior,You'll love it
0,0,0,0,0,0,1,1,0,0,0,junior,You'll love it
0,0,0,0,0,0,0,1,0,0,0,junior,You'll love it
0,0,0,0,0,0,0,1,0,0,0,junior,"1,800 - 2,500 USD"
0,0,0,0,0,0,0,1,0,0,0,junior,You'll love it
1,0,0,0,0,0,0,1,0,0,0,junior,"500 - 1,000 USD"
1,0,0,0,0,0,0,1,0,0,0,junior,You'll love it
0,0,0,0,0,0,0,1,0,1,0,junior,You'll love it
0,0,0,0,0,0,0,1,0,0,0,junior,You'll love it
0,0,0,0,0,0,0,1,1,0,0,junior,"1,000 - 3,000 USD"
0,0,0,0,0,0,0,1,0,0,0,junior,You'll love it
0,0,0,0,0,0,0,1,1,0,0,junior,You'll love it
1,0,0,0,0,0,0,1,0,0,0,junior,"1,000 - 1,800 USD"
0,0,0,0,0,0,0,1,0,0,0,junior,You'll love it
0,0,1,0,0,0,0,1,0,0,0,junior,You'll love it
0,0,0,0,0,0,0,1,0,0,0,junior,"800 - 2,000 USD"
0,0,0,0,0,0,0,1,0,0,0,junior,"1,000 - 1,700 USD"
0,0,0,0,0,0,0,1,1,0,0,junior,Up to $2000
0,0,0,0,0,0,0,1,1,0,0,junior,You'll love it
0,0,0,0,0,0,0,1,0,0,0,junior,You'll love it
0,0,0,0,0,0,0,1,0,0,0,junior,You'll love it
1,0,0,0,0,0,0,1,1,0,0,junior,You'll love it
0,0,0,0,0,0,0,1,0,0,0,junior,You'll love it
0,0,0,0,0,0,0,1,0,0,0,junior,You'll love it
0,0,0,0,0,0,0,1,0,0,0,junior,You'll love it
0,0,0,0,0,0,0,1,0,0,0,junior,You'll love it
0,0,0,0,0,0,0,1,0,0,0,junior,You'll love it
1,0,0,0,0,0,0,1,1,0,0,junior,"2,000 - 2,500 USD"
0,0,0,0,0,0,0,1,0,0,0,junior,"1,000 - 2,000 USD"
1,1,0,0,0,0,0,1,0,0,0,junior,"2,000 - 3,200 USD"
0,0,0,0,0,0,0,1,0,0,0,junior,You'll love it
0,1,0,0,0,0,0,1,0,0,0,junior,You'll love it
0,0,0,0,0,0,0,1,0,0,0,junior,You'll love it
1,0,0,0,0,0,0,1,0,0,0,junior,You'll love it
0,0,0,0,0,0,0,1,0,0,0,junior,You'll love it
0,0,0,0,0,0,0,1,0,0,0,junior,You'll love it
0,0,0,0,0,0,0,1,0,0,0,junior,Up to 1.200$
1,0,0,0,0,0,0,1,0,0,0,junior,You'll love it
0,0,0,0,0,0,0,1,1,0,0,junior,You'll love it
0,0,0,0,0,0,0,1,0,0,0,senior,You'll love it
0,0,0,0,0,0,0,1,0,0,0,senior,"2,000 - 3,000 USD"
0,0,1,0,0,0,0,1,0,1,0,senior,"1,500 - 2,500 USD"
1,0,0,0,0,0,0,1,0,0,0,senior,You'll love it
0,0,0,0,0,0,0,1,0,0,0,senior,"2,000 - 3,000 USD"
1,0,0,0,0,0,0,1,0,0,0,senior,You'll love it
0,0,0,0,0,0,0,1,0,0,0,senior,You'll love it
0,0,0,0,0,0,0,1,1,0,0,senior,"1,000 - 2,500 USD"
0,0,0,0,0,0,0,1,0,0,0,senior,You'll love it
0,0,0,0,0,0,0,1,0,0,0,senior,You'll love it
0,0,0,1,0,0,0,1,0,1,0,senior,You'll love it
1,0,0,0,0,0,0,1,0,0,0,senior,40mil-60mil (gross)
0,0,0,0,0,0,0,1,0,0,0,senior,You'll love it
0,0,0,0,0,0,0,1,0,0,0,senior,Up to $2500
0,0,0,0,0,0,0,1,0,0,0,senior,You'll love it
0,0,0,0,0,0,0,1,0,0,0,senior,"1,000 - 1,500 USD"
0,0,0,0,0,0,0,1,0,0,0,senior,Up to $1500
0,0,0,0,0,0,0,1,0,0,0,senior,You'll love it
0,0,0,0,0,0,0,1,0,0,0,senior,You'll love it
1,0,0,0,0,0,0,1,1,0,0,senior,You'll love it
0,0,0,0,0,0,0,1,0,0,0,senior,"2,000 - 4,500 USD"
0,0,0,0,0,0,0,1,0,0,0,senior,You'll love it
0,0,0,0,0,0,0,1,0,0,0,senior,"1,800 - 2,500 USD"
1,0,0,0,0,0,0,1,0,0,0,senior,You'll love it
0,0,0,0,0,0,0,1,0,1,0,senior,You'll love it
0,0,0,0,0,0,0,1,0,0,0,senior,"1,500 - 3,000 USD"
0,0,0,0,0,0,0,1,0,0,0,senior,You'll love it
0,0,0,0,0,0,0,1,1,0,0,senior,"1,000 - 3,000 USD"
0,0,0,0,0,0,0,1,0,0,0,senior,"2,000 - 3,500 USD"
0,0,0,0,0,0,0,1,0,0,0,senior,"3,000 - 5,000 USD"
0,0,0,0,0,0,0,1,0,0,0,senior,You'll love it
0,0,0,0,0,0,0,1,1,0,0,senior,You'll love it
1,0,0,0,0,0,0,1,0,0,0,senior,"1,000 - 1,800 USD"
0,0,0,0,0,0,0,1,0,0,0,senior,You'll love it
0,0,1,0,0,0,0,1,0,0,0,senior,You'll love it
0,0,0,0,0,0,0,1,0,0,0,senior,You'll love it
0,0,0,0,0,0,0,1,0,0,0,senior,"800 - 2,000 USD"
0,0,0,0,0,0,0,1,1,1,0,senior,You'll love it
0,0,0,0,0,0,0,1,1,0,0,senior,Up to $2000
0,0,0,0,0,0,0,1,0,0,0,senior,You'll love it
0,0,0,0,0,0,0,1,0,1,0,senior,Up to $3000
0,0,0,0,0,0,0,1,0,0,0,senior,You'll love it
0,0,0,0,0,0,0,1,0,0,0,senior,You'll love it
1,0,0,0,0,0,0,1,1,0,0,senior,You'll love it
1,0,0,0,0,0,0,1,0,1,0,senior,"2,000 - 3,500 USD"
0,0,0,0,0,0,0,1,0,0,0,senior,You'll love it
0,1,0,0,0,0,0,1,0,0,0,senior,Up to $2500
0,0,0,0,0,0,0,1,0,0,0,senior,You'll love it
0,0,0,0,0,0,0,1,0,0,0,senior,"3,000 - 4,000 USD"
0,0,0,0,0,0,0,1,0,0,0,senior,You'll love it
0,0,0,0,0,0,0,1,0,0,0,senior,You'll love it
1,0,0,0,0,0,0,1,1,0,0,senior,"2,000 - 2,500 USD"
0,0,0,0,0,0,0,1,0,0,0,senior,"1,000 - 2,000 USD"
1,0,0,0,0,0,0,1,0,0,0,senior,"2,300 - 2,800 USD"
1,1,0,0,0,0,0,1,0,0,0,senior,"2,000 - 3,200 USD"
0,0,0,0,0,0,0,1,0,0,0,senior,You'll love it
1,0,0,0,0,0,1,0,0,0,0,senior,"1,500 - 3,000 USD"
1,0,0,0,0,0,0,1,0,0,0,senior,You'll love it
0,1,0,0,0,0,0,1,0,0,0,senior,You'll love it
0,0,0,0,0,0,0,1,0,0,0,senior,You'll love it
0,0,0,0,0,0,0,1,0,0,0,senior,"Up to $3,000"
0,0,0,0,0,0,0,1,0,0,0,senior,You'll love it
0,0,0,0,0,0,0,1,0,0,0,senior,Up to 1.200$
0,0,0,0,0,0,0,1,0,0,0,senior,You'll love it
1,0,0,1,0,0,1,0,0,0,0,senior,"1,800 - 3,000 USD"
0,0,0,0,0,0,0,1,0,0,0,senior,You'll love it
0,1,0,0,0,0,0,1,0,0,0,senior,You'll love it
0,0,0,0,0,0,0,1,1,0,0,senior,You'll love it
0,0,0,0,0,0,0,1,0,0,0,senior,You'll love it
1,0,0,0,0,0,0,1,0,0,0,senior,"1,000 - 2,500 USD"
0,0,0,1,0,0,0,1,0,0,0,senior,"1,800 - 2,500 USD"
0,0,0,0,0,0,0,1,0,0,0,senior,You'll love it
0,0,0,0,0,0,0,1,0,0,0,senior,You'll love it
0,0,0,0,0,0,0,1,1,0,0,senior,"1,000 - 2,000 USD"
0,0,0,0,0,0,0,1,0,0,0,senior,You'll love it
0,0,0,0,0,0,1,1,0,0,0,senior,You'll love it
0,1,0,0,0,0,0,1,0,1,0,senior,You'll love it
0,0,0,0,0,0,0,1,0,0,0,senior,"1,500 - 2,000 USD"
1,0,0,0,0,0,0,1,0,0,0,senior,You'll love it
0,0,0,0,0,0,0,1,0,0,0,senior,"2,500 - 2,800 USD"
0,0,0,0,0,0,0,0,1,0,0,fresher,"700 - 1,500 USD"
0,0,0,0,0,0,0,0,1,0,0,fresher,You'll love it
0,0,0,0,0,0,0,0,1,0,0,fresher,You'll love it
1,0,0,0,0,0,0,0,1,0,0,fresher,"800 - 2,000 USD"
0,0,0,0,0,0,0,0,1,0,0,fresher,Up to $1700
0,0,0,0,0,0,0,0,1,0,0,fresher,You'll love it
0,0,0,0,0,0,0,0,1,0,0,fresher,You'll love it
0,0,0,0,0,0,0,0,1,0,0,fresher,You'll love it
0,0,0,0,0,0,0,1,1,0,0,fresher,You'll love it
0,0,0,0,0,0,0,0,1,0,0,fresher,"500 - 2,000 USD"
0,0,0,0,0,0,0,0,1,0,0,fresher,You'll love it
0,0,0,0,0,0,0,0,1,0,0,fresher,You'll love it
0,0,0,0,0,0,0,0,1,0,0,junior,"700 - 1,500 USD"
0,0,0,0,0,0,0,0,1,0,0,junior,45.000.000 - 65.000.000
0,0,0,0,0,0,0,1,1,0,0,junior,"1,000 - 2,500 USD"
0,0,0,0,0,0,0,0,1,0,0,junior,You'll love it
0,0,0,0,0,0,0,0,1,0,0,junior,You'll love it
0,0,0,0,0,0,0,0,1,0,0,junior,600$ - 1500$
0,0,0,0,0,0,0,0,1,0,0,junior,You'll love it
0,0,0,0,0,0,0,0,1,0,0,junior,You'll love it
1,0,0,0,0,0,0,1,1,0,0,junior,You'll love it
0,0,0,0,0,0,0,0,1,0,0,junior,You'll love it
0,0,0,0,0,0,0,0,1,0,0,junior,You'll love it
1,0,0,0,1,0,0,0,1,0,0,junior,You'll love it
0,0,0,0,0,0,1,0,1,0,0,junior,You'll love it
0,0,0,0,0,0,0,1,1,0,0,junior,"1,000 - 3,000 USD"
0,0,0,0,0,0,0,0,1,0,0,junior,You'll love it
0,0,0,0,0,0,0,0,1,0,0,junior,Up to 22m
0,0,0,0,0,0,0,1,1,0,0,junior,You'll love it
1,0,0,0,0,0,0,0,1,0,0,junior,"800 - 2,000 USD"
0,0,0,0,0,0,0,0,1,1,0,junior,Negotiated
0,0,0,0,0,0,0,0,1,0,0,junior,Up to $1700
0,0,0,0,0,0,0,0,1,0,0,junior,"500 - 2,500 USD"
0,0,0,0,0,0,0,1,1,0,0,junior,Up to $2000
0,0,0,0,0,0,0,1,1,0,0,junior,You'll love it
0,0,0,0,0,0,0,0,1,0,0,junior,You'll love it
0,0,0,0,0,0,0,0,1,0,0,junior,You'll love it
0,0,0,0,0,0,0,0,1,0,0,junior,You'll love it
0,0,0,0,0,0,0,0,1,0,0,junior,You'll love it
1,0,0,0,0,0,0,1,1,0,0,junior,You'll love it
0,0,0,0,0,0,0,0,1,0,0,junior,You'll love it
0,0,0,0,0,0,0,0,1,0,0,junior,"1,700 - 2,500 USD"
0,0,0,0,0,0,0,0,1,0,0,junior,You'll love it
1,0,0,0,0,0,0,0,1,0,0,junior,"1,000 - 3,000 USD"
1,0,0,0,0,0,0,0,1,0,0,junior,"2,000 - 5,000 USD"
1,0,0,0,0,0,0,0,0,0,0,junior,You'll love it
1,0,0,0,0,0,0,0,1,0,0,junior,"1,000 - 1,700 USD"
0,0,0,0,0,0,0,0,1,0,0,junior,You'll love it
0,0,0,0,0,0,0,1,0,0,0,junior,You'll love it
0,0,0,0,0,0,0,1,1,0,0,junior,You'll love it
0,0,0,0,0,0,0,0,1,0,0,junior,"2,500 - 3,200 USD"
0,0,0,0,0,0,0,1,1,0,0,junior,You'll love it
0,0,0,0,0,0,0,0,1,0,0,senior,"700 - 1,500 USD"
0,0,0,0,0,0,0,0,1,0,0,senior,You'll love it
0,0,0,0,0,0,0,0,1,0,0,senior,45.000.000 - 65.000.000
0,0,0,0,0,0,0,1,1,0,0,senior,"1,000 - 2,500 USD"
0,0,0,0,0,0,0,0,1,0,0,senior,Up to $2500
0,0,0,0,0,0,0,0,1,0,0,senior,Up to $3000
0,0,0,0,0,0,0,0,1,0,0,senior,"1,000 - 1,700 USD"
0,0,0,0,0,0,0,0,1,0,0,senior,You'll love it
0,0,0,0,0,0,0,0,1,0,0,senior,You'll love it
0,0,0,0,0,0,0,0,1,0,0,senior,600$ - 1500$
0,0,0,0,0,0,0,0,1,0,0,senior,You'll love it
0,0,0,0,0,0,0,0,1,0,0,senior,You'll love it
1,0,0,0,0,0,0,1,1,0,0,senior,You'll love it
0,0,0,0,0,0,0,0,1,0,0,senior,"900 - 2,000 USD"
0,0,0,0,0,0,0,0,1,0,0,senior,You'll love it
0,0,0,0,0,0,0,0,1,0,0,senior,You'll love it
1,0,0,0,1,0,0,0,1,0,0,senior,You'll love it
0,0,0,0,0,0,1,0,1,0,0,senior,You'll love it
0,0,0,0,0,0,0,1,1,0,0,senior,"1,000 - 3,000 USD"
0,0,0,0,0,0,0,0,1,0,0,senior,You'll love it
0,0,0,0,0,0,0,1,1,0,0,senior,You'll love it
1,0,0,0,0,0,0,0,1,0,0,senior,"800 - 2,000 USD"
0,0,0,0,0,0,0,0,1,0,0,senior,"500 - 2,500 USD"
0,0,0,0,0,0,0,1,1,1,0,senior,You'll love it
0,0,0,0,0,0,0,1,1,0,0,senior,Up to $2000
0,0,0,0,0,0,0,0,1,0,0,senior,You'll love it
0,0,0,0,0,0,0,0,1,0,0,senior,You'll love it
1,0,0,0,0,0,0,1,1,0,0,senior,You'll love it
0,0,0,0,0,0,0,0,1,0,0,senior,You'll love it
0,0,0,0,0,0,0,0,1,0,0,senior,"1,700 - 2,500 USD"
0,0,0,0,0,0,0,0,1,0,0,senior,You'll love it
1,0,0,0,0,0,0,0,1,0,0,senior,"1,000 - 3,000 USD"
1,0,0,0,0,0,0,0,1,0,0,senior,"2,000 - 5,000 USD"
1,0,0,0,0,0,0,0,1,0,0,senior,"1,000 - 1,700 USD"
0,0,0,0,0,0,0,0,1,0,0,senior,You'll love it
0,0,0,0,0,0,0,0,1,0,0,senior,You'll love it
1,0,0,0,0,0,0,0,1,0,0,senior,You'll love it
0,0,0,0,0,0,0,1,0,0,0,senior,You'll love it
0,0,0,0,0,0,0,1,1,0,0,senior,You'll love it
0,0,0,0,0,0,0,0,1,0,0,senior,You'll love it
0,1,0,0,0,0,1,0,0,1,0,fresher,You'll love it
0,0,0,0,0,0,0,0,0,1,0,fresher,Up to 2000
0,0,0,0,0,0,1,0,0,1,0,fresher,"1,500 - 2,500 USD"
0,1,0,0,0,0,0,0,0,1,0,fresher,"1,000 - 1,500 USD"
1,0,0,0,0,0,0,0,0,0,0,fresher,You'll love it
0,0,0,0,0,0,0,0,0,1,0,fresher,You'll love it
1,0,0,0,0,0,0,0,0,1,0,fresher,"700 - 2,500 USD"
0,0,0,1,0,0,0,1,0,1,0,junior,You'll love it
0,0,1,0,0,0,0,1,0,1,0,junior,"1,500 - 2,500 USD"
0,0,0,0,0,0,0,0,0,1,0,junior,"800 - 2,000 USD"
0,0,0,0,0,0,0,0,0,1,0,junior,You'll love it
0,0,0,0,0,0,0,0,0,1,0,junior,You'll love it
0,0,0,0,0,0,0,1,0,1,0,junior,You'll love it
0,1,0,0,0,0,0,0,0,1,0,junior,You'll love it
0,0,0,0,0,0,0,0,1,1,0,junior,Negotiated
0,1,0,0,0,0,0,1,0,1,0,junior,You'll love it
0,0,0,0,0,0,0,0,0,1,0,junior,"800 - 2,000 USD"
1,0,0,0,0,0,0,0,0,1,0,junior,"1,800 - 2,800 USD"
0,0,0,1,0,0,0,0,0,1,0,junior,You'll love it
0,0,1,0,0,0,0,0,0,1,0,junior,You'll love it
0,1,0,0,0,0,1,0,0,1,0,junior,You'll love it
0,0,0,0,0,0,0,0,0,1,0,junior,Up to 2000
0,0,0,0,0,0,1,0,0,1,0,junior,"1,500 - 2,500 USD"
0,1,0,0,0,0,0,0,0,1,0,junior,"1,000 - 1,500 USD"
0,1,0,0,0,0,0,0,0,1,0,junior,You'll love it
1,0,0,0,0,0,0,0,0,0,0,junior,You'll love it
0,1,0,0,0,0,0,0,0,1,0,junior,Super attractive
0,0,1,0,0,0,0,1,0,1,0,senior,"1,500 - 2,500 USD"
0,0,0,0,0,0,0,0,0,1,0,senior,Attractive salary!
0,0,0,0,0,0,0,0,0,1,0,senior,Up to $2500 + bonus
0,0,0,0,0,0,0,0,0,1,0,senior,"800 - 2,000 USD"
0,0,0,1,0,0,0,1,0,1,0,senior,You'll love it
0,0,0,0,0,0,0,0,0,1,0,senior,You'll love it
0,0,0,0,0,0,0,0,0,1,0,senior,You'll love it
0,0,0,0,0,0,0,1,0,1,0,senior,You'll love it
0,0,0,0,0,0,0,0,0,1,0,senior,You'll love it
0,1,0,0,0,0,0,0,0,1,0,senior,You'll love it
0,1,0,0,0,0,0,1,0,1,0,senior,You'll love it
0,0,0,0,0,0,0,0,0,1,0,senior,"800 - 2,000 USD"
0,0,0,0,0,0,0,1,1,1,0,senior,You'll love it
0,0,0,0,0,0,0,0,0,1,0,senior,"2,000 - 3,500 USD"
1,0,0,0,0,0,0,0,0,1,0,senior,"1,800 - 2,800 USD"
0,0,0,0,0,0,0,1,0,1,0,senior,Up to $3000
1,0,0,0,0,0,0,0,0,1,0,senior,You'll love it
0,0,0,1,0,0,0,0,0,1,0,senior,You'll love it
0,0,1,0,0,0,0,0,0,1,0,senior,You'll love it
0,1,0,0,0,0,1,0,0,1,0,senior,You'll love it
1,0,0,0,0,0,0,0,0,0,1,fresher,"Up to $3,000"
0,0,0,0,0,0,0,0,0,0,1,fresher,"1,000 - 2,500 USD"
0,0,0,0,0,0,0,0,0,0,0,fresher,"1,000 - 1,500 USD"
0,0,0,0,0,0,0,0,0,0,0,fresher,12m - 40m
0,0,1,0,0,0,0,0,0,0,0,fresher,You'll love it
0,0,0,0,0,0,0,0,0,0,1,fresher,"700 - 1,600 USD"
0,0,0,0,0,0,0,0,0,0,1,junior,Negotiation base on skill
1,0,0,0,0,0,0,0,0,0,1,junior,"1,000 - 2,000 USD"
1,0,0,0,0,0,0,0,0,0,1,junior,"Up to $3,000"
0,0,0,0,0,0,0,0,0,0,1,junior,"1,500 - 2,500 USD"
0,1,1,0,0,0,0,0,0,0,1,junior,"1,000 - 2,900 USD"
1,0,0,0,0,0,0,0,0,0,1,junior,You'll love it
0,0,0,0,0,0,0,0,0,0,1,junior,You'll love it
0,0,0,0,0,0,0,0,0,0,1,junior,Up to $2000
0,0,0,0,0,0,0,0,0,0,1,junior,"1,000 - 3,000 USD"
0,0,1,0,0,0,0,0,0,0,1,junior,You'll love it
0,0,0,0,0,0,0,0,0,0,1,junior,You'll love it
0,0,0,0,0,0,0,0,0,0,1,junior,25 m -55 m
0,0,0,0,0,0,0,0,0,0,1,junior,"2,000 - 4,000 dollar úc"
0,0,0,0,0,0,0,0,0,0,1,junior,"1,000 - 2,500 USD"
0,0,1,0,0,0,0,0,0,0,1,junior,You'll love it
0,0,0,0,0,0,0,0,0,0,1,junior,You'll love it
0,0,0,0,0,0,0,0,0,0,1,junior,Up to 60m gross
1,0,0,0,0,0,0,0,0,0,1,junior,Up to 50 mil
1,0,0,0,0,0,0,0,0,0,1,junior,You'll love it
0,0,0,0,0,0,0,0,0,0,1,junior,You'll love it
0,0,0,0,0,0,0,0,0,0,1,senior,You'll love it
0,0,0,0,0,0,0,0,0,0,1,senior,Negotiation base on skill
1,0,0,0,0,0,0,0,0,0,1,senior,"1,000 - 2,000 USD"
1,0,0,0,0,0,0,0,0,0,1,senior,"Up to $3,000"
0,0,0,0,0,0,0,0,0,0,1,senior,"1,500 - 2,500 USD"
0,1,1,0,0,0,0,0,0,0,1,senior,"1,000 - 2,900 USD"
1,0,0,0,0,0,0,0,0,0,1,senior,You'll love it
0,0,0,0,0,0,0,0,0,0,1,senior,You'll love it
0,0,0,0,0,0,0,0,0,0,1,senior,Up to $2000
0,0,0,0,0,0,0,0,0,0,1,senior,"1,000 - 3,000 USD"
0,1,1,0,0,0,0,0,0,0,1,senior,You'll love it
0,1,0,0,0,0,0,0,0,0,1,senior,"1,500 - 2,500 USD"
0,0,1,0,0,0,0,0,0,0,1,senior,You'll love it
0,0,0,0,0,0,0,0,0,0,1,senior,25 m -55 m
0,0,0,0,0,0,0,0,0,0,1,senior,"2,000 - 4,000 dollar úc"
0,0,0,0,0,0,0,0,0,0,1,senior,"1,000 - 2,500 USD"
0,0,0,0,0,0,0,0,0,0,1,senior,You'll love it
0,0,0,0,0,0,0,0,0,0,1,senior,You'll love it
0,0,0,0,0,0,0,0,0,0,1,senior,"2,000 - 2,900 USD"
0,0,1,0,0,0,0,0,0,0,1,senior,You'll love it
